{
  "model": "yolo11s",
  "mAP50": 0.9172520453679409,
  "mAP50_95": 0.7957683305386929,
  "precision": 0.9109072364839752,
  "recall": 0.8911704905775006,
  "AP50_healthy": 0.995,
  "AP50_spot": 0.8871289076865292,
  "AP50_curl": 0.8075128205128206,
  "AP50_slug": 0.9793664532724141
}