{
  "checkpoint": "D:\\college\\VI-sem\\DL\\prj\\models\\multitask\\yolo11n_multitask_lambda0.5_20260416_0925\\best.pt",
  "epoch": 35,
  "test_mAP_0.5": 0.7530076503753662,
  "test_mAP_0.5_0.95": 0.6380027532577515,
  "test_mAP_0.75": 0.6188587546348572,
  "test_precision": 0.6735218508997429,
  "test_recall": 0.8618421052631579,
  "test_f1": 0.7561327561327561,
  "severity_acc": 0.5912162162162162,
  "severity_mae": 0.42567567567567566,
  "per_class_metrics": {
    "healthy": {
      "precision": 0.3333333333333333,
      "recall": 1.0,
      "f1": 0.5,
      "tp": 4,
      "fp": 8,
      "fn": 0
    },
    "spot": {
      "precision": 0.5948275862068966,
      "recall": 0.7666666666666667,
      "f1": 0.6699029126213593,
      "tp": 69,
      "fp": 47,
      "fn": 21
    },
    "curl": {
      "precision": 0.14285714285714285,
      "recall": 0.5,
      "f1": 0.22222222222222224,
      "tp": 3,
      "fp": 18,
      "fn": 3
    },
    "slug": {
      "precision": 0.775,
      "recall": 0.9117647058823529,
      "f1": 0.8378378378378379,
      "tp": 186,
      "fp": 54,
      "fn": 18
    }
  },
  "per_class_mAP": [
    0.9564356207847595,
    0.5508924722671509,
    0.2524752616882324,
    0.7922077178955078
  ]
}